{
  "Use Non-ASCII Font" : false,
  "Tags" : [

  ],
  "Ansi 12 Color" : {
    "Green Component" : 0.48589074611663818,
    "Blue Component" : 0.57628089189529419,
    "Red Component" : 0.41643223166465759
  },
  "Ansi 6 Color" : {
    "Green Component" : 0.57874852418899536,
    "Blue Component" : 0.659493088722229,
    "Red Component" : 0.24830710887908936
  },
  "Normal Font" : "SourceCodePro-Regular 12",
  "Bold Color" : {
    "Green Component" : 0.37485924363136292,
    "Blue Component" : 0.41846594214439392,
    "Red Component" : 0.3234245777130127
  },
  "Link Color" : {
    "Red Component" : 0,
    "Color Space" : "sRGB",
    "Blue Component" : 0.73423302173614502,
    "Alpha Component" : 1,
    "Green Component" : 0.35916060209274292
  },
  "Guid" : "838A2505-7F0F-4961-8D3D-215DF4C3EFB6",
  "Ansi 5 Color" : {
    "Green Component" : 0.47487166523933411,
    "Blue Component" : 0.61571133136749268,
    "Red Component" : 0.64283657073974609
  },
  "Rows" : 45,
  "Default Bookmark" : "No",
  "Cursor Guide Color" : {
    "Red Component" : 0.70213186740875244,
    "Color Space" : "sRGB",
    "Blue Component" : 1,
    "Alpha Component" : 0.25,
    "Green Component" : 0.9268307089805603
  },
  "Non-ASCII Anti Aliased" : true,
  "Use Bright Bold" : true,
  "Ansi 10 Color" : {
    "Green Component" : 0.72727733850479126,
    "Blue Component" : 0.46746355295181274,
    "Red Component" : 0.354786217212677
  },
  "Ambiguous Double Width" : false,
  "Jobs to Ignore" : [
    "rlogin",
    "ssh",
    "slogin",
    "telnet"
  ],
  "Ansi 15 Color" : {
    "Green Component" : 0.93071860074996948,
    "Blue Component" : 0.95066088438034058,
    "Red Component" : 0.92170488834381104
  },
  "Foreground Color" : {
    "Green Component" : 0.91112786531448364,
    "Blue Component" : 0.93599247932434082,
    "Red Component" : 0.90232068300247192
  },
  "Working Directory" : "\/Users\/matthew",
  "Use Tab Color" : true,
  "Blinking Cursor" : false,
  "Disable Window Resizing" : true,
  "Sync Title" : false,
  "Prompt Before Closing 2" : false,
  "BM Growl" : true,
  "Command" : "\/bin\/zsh",
  "Description" : "Default",
  "Mouse Reporting" : true,
  "Screen" : -1,
  "Selection Color" : {
    "Green Component" : 0.2113519012928009,
    "Blue Component" : 0.24256426095962524,
    "Red Component" : 0.18291746079921722
  },
  "Columns" : 90,
  "Idle Code" : 0,
  "Ansi 13 Color" : {
    "Green Component" : 0.47487166523933411,
    "Blue Component" : 0.61571133136749268,
    "Red Component" : 0.64283657073974609
  },
  "Custom Command" : "Yes",
  "ASCII Anti Aliased" : true,
  "Non Ascii Font" : "Monaco 12",
  "Vertical Spacing" : 1,
  "Use Bold Font" : true,
  "Option Key Sends" : 0,
  "Selected Text Color" : {
    "Green Component" : 0.56231993436813354,
    "Blue Component" : 0.64197766780853271,
    "Red Component" : 0.48961970210075378
  },
  "Background Color" : {
    "Red Component" : 0.11764705882352941,
    "Color Space" : "sRGB",
    "Blue Component" : 0.11764705882352941,
    "Alpha Component" : 1,
    "Green Component" : 0.11764705882352941
  },
  "Character Encoding" : 4,
  "Ansi 11 Color" : {
    "Green Component" : 0.71008038520812988,
    "Blue Component" : 0.40063473582267761,
    "Red Component" : 0.86981719732284546
  },
  "Use Italic Font" : true,
  "Unlimited Scrollback" : false,
  "Keyboard Map" : {
    "0xf700-0x260000" : {
      "Text" : "[1;6A",
      "Action" : 10
    },
    "0x37-0x40000" : {
      "Text" : "0x1f",
      "Action" : 11
    },
    "0x32-0x40000" : {
      "Text" : "0x00",
      "Action" : 11
    },
    "0xf709-0x20000" : {
      "Text" : "[17;2~",
      "Action" : 10
    },
    "0xf70c-0x20000" : {
      "Text" : "[20;2~",
      "Action" : 10
    },
    "0xf729-0x20000" : {
      "Text" : "[1;2H",
      "Action" : 10
    },
    "0xf72b-0x40000" : {
      "Text" : "[1;5F",
      "Action" : 10
    },
    "0xf705-0x20000" : {
      "Text" : "[1;2Q",
      "Action" : 10
    },
    "0xf703-0x260000" : {
      "Text" : "[1;6C",
      "Action" : 10
    },
    "0xf700-0x220000" : {
      "Text" : "[1;2A",
      "Action" : 10
    },
    "0xf701-0x280000" : {
      "Text" : "0x1b 0x1b 0x5b 0x42",
      "Action" : 11
    },
    "0x38-0x40000" : {
      "Text" : "0x7f",
      "Action" : 11
    },
    "0x33-0x40000" : {
      "Text" : "0x1b",
      "Action" : 11
    },
    "0xf703-0x220000" : {
      "Text" : "[1;2C",
      "Action" : 10
    },
    "0xf701-0x240000" : {
      "Text" : "[1;5B",
      "Action" : 10
    },
    "0xf70d-0x20000" : {
      "Text" : "[21;2~",
      "Action" : 10
    },
    "0xf702-0x260000" : {
      "Text" : "[1;6D",
      "Action" : 10
    },
    "0xf729-0x40000" : {
      "Text" : "[1;5H",
      "Action" : 10
    },
    "0xf706-0x20000" : {
      "Text" : "[1;2R",
      "Action" : 10
    },
    "0x34-0x40000" : {
      "Text" : "0x1c",
      "Action" : 11
    },
    "0xf700-0x280000" : {
      "Text" : "0x1b 0x1b 0x5b 0x41",
      "Action" : 11
    },
    "0x2d-0x40000" : {
      "Text" : "0x1f",
      "Action" : 11
    },
    "0xf70e-0x20000" : {
      "Text" : "[23;2~",
      "Action" : 10
    },
    "0xf702-0x220000" : {
      "Text" : "[1;2D",
      "Action" : 10
    },
    "0xf703-0x280000" : {
      "Text" : "0x1b 0x1b 0x5b 0x43",
      "Action" : 11
    },
    "0xf700-0x240000" : {
      "Text" : "[1;5A",
      "Action" : 10
    },
    "0xf707-0x20000" : {
      "Text" : "[1;2S",
      "Action" : 10
    },
    "0xf70a-0x20000" : {
      "Text" : "[18;2~",
      "Action" : 10
    },
    "0x35-0x40000" : {
      "Text" : "0x1d",
      "Action" : 11
    },
    "0xf70f-0x20000" : {
      "Text" : "[24;2~",
      "Action" : 10
    },
    "0xf703-0x240000" : {
      "Text" : "[1;5C",
      "Action" : 10
    },
    "0xf701-0x260000" : {
      "Text" : "[1;6B",
      "Action" : 10
    },
    "0xf702-0x280000" : {
      "Text" : "0x1b 0x1b 0x5b 0x44",
      "Action" : 11
    },
    "0xf72b-0x20000" : {
      "Text" : "[1;2F",
      "Action" : 10
    },
    "0x36-0x40000" : {
      "Text" : "0x1e",
      "Action" : 11
    },
    "0xf708-0x20000" : {
      "Text" : "[15;2~",
      "Action" : 10
    },
    "0xf701-0x220000" : {
      "Text" : "[1;2B",
      "Action" : 10
    },
    "0xf70b-0x20000" : {
      "Text" : "[19;2~",
      "Action" : 10
    },
    "0xf702-0x240000" : {
      "Text" : "[1;5D",
      "Action" : 10
    },
    "0xf704-0x20000" : {
      "Text" : "[1;2P",
      "Action" : 10
    }
  },
  "Window Type" : 13,
  "Cursor Boost" : 0,
  "Background Image Location" : "",
  "Blur" : false,
  "Badge Color" : {
    "Red Component" : 1,
    "Color Space" : "sRGB",
    "Blue Component" : 0,
    "Alpha Component" : 0.5,
    "Green Component" : 0.1491314172744751
  },
  "Scrollback Lines" : 1000,
  "Send Code When Idle" : false,
  "Close Sessions On End" : true,
  "Terminal Type" : "xterm-256color",
  "Visual Bell" : true,
  "Flashing Bell" : false,
  "Silence Bell" : true,
  "Ansi 14 Color" : {
    "Green Component" : 0.57874852418899536,
    "Blue Component" : 0.659493088722229,
    "Red Component" : 0.24830710887908936
  },
  "ASCII Ligatures" : false,
  "Name" : "tmux",
  "Cursor Text Color" : {
    "Green Component" : 0.77144092321395874,
    "Blue Component" : 0.70993047952651978,
    "Red Component" : 0.76960963010787964
  },
  "Shortcut" : "",
  "Cursor Color" : {
    "Green Component" : 0.96674919128417969,
    "Blue Component" : 0.92647796869277954,
    "Red Component" : 0.96554505825042725
  },
  "Transparency" : 0,
  "Ansi 1 Color" : {
    "Green Component" : 0.25025421380996704,
    "Blue Component" : 0.21358194947242737,
    "Red Component" : 0.71046537160873413
  },
  "Ansi 2 Color" : {
    "Green Component" : 0.72727733850479126,
    "Blue Component" : 0.46746355295181274,
    "Red Component" : 0.354786217212677
  },
  "Ansi 3 Color" : {
    "Green Component" : 0.71008038520812988,
    "Blue Component" : 0.40063473582267761,
    "Red Component" : 0.86981719732284546
  },